DATAFLOW,LAST UPDATE,freq,nrg_bal,siec,unit,geo,TIME_PERIOD,OBS_VALUE
ESTAT:TEN00124(1.0),24/05/2024 23:00,A,FC_E,TOTAL,KTOE,AL,2011,1953.468
ESTAT:TEN00124(1.0),24/05/2024 23:00,A,FC_E,TOTAL,KTOE,AL,2012,1790.623
ESTAT:TEN00124(1.0),24/05/2024 23:00,A,FC_E,TOTAL,KTOE,AL,2013,1961.871
ESTAT:TEN00124(1.0),24/05/2024 23:00,A,FC_E,TOTAL,KTOE,AL,2014,2058.574
ESTAT:TEN00124(1.0),24/05/2024 23:00,A,FC_E,TOTAL,KTOE,AL,2015,1962.498
ESTAT:TEN00124(1.0),24/05/2024 23:00,A,FC_E,TOTAL,KTOE,AL,2016,1899.558
ESTAT:TEN00124(1.0),24/05/2024 23:00,A,FC_E,TOTAL,KTOE,AL,2017,2078.928
ESTAT:TEN00124(1.0),24/05/2024 23:00,A,FC_E,TOTAL,KTOE,AL,2018,2134.212
ESTAT:TEN00124(1.0),24/05/2024 23:00,A,FC_E,TOTAL,KTOE,AL,2019,2053.036
ESTAT:TEN00124(1.0),24/05/2024 23:00,A,FC_E,TOTAL,KTOE,AL,2020,1840.668
ESTAT:TEN00124(1.0),24/05/2024 23:00,A,FC_E,TOTAL,KTOE,AL,2021,2012.504
ESTAT:TEN00124(1.0),24/05/2024 23:00,A,FC_E,TOTAL,KTOE,AL,2022,1958.847
ESTAT:TEN00124(1.0),24/05/2024 23:00,A,FC_E,TOTAL,KTOE,AT,2011,25092.859
ESTAT:TEN00124(1.0),24/05/2024 23:00,A,FC_E,TOTAL,KTOE,AT,2012,25201.329
ESTAT:TEN00124(1.0),24/05/2024 23:00,A,FC_E,TOTAL,KTOE,AT,2013,25801.476
ESTAT:TEN00124(1.0),24/05/2024 23:00,A,FC_E,TOTAL,KTOE,AT,2014,24760.998
ESTAT:TEN00124(1.0),24/05/2024 23:00,A,FC_E,TOTAL,KTOE,AT,2015,25475.009
ESTAT:TEN00124(1.0),24/05/2024 23:00,A,FC_E,TOTAL,KTOE,AT,2016,26099.472
ESTAT:TEN00124(1.0),24/05/2024 23:00,A,FC_E,TOTAL,KTOE,AT,2017,26502.78
ESTAT:TEN00124(1.0),24/05/2024 23:00,A,FC_E,TOTAL,KTOE,AT,2018,26042.437
ESTAT:TEN00124(1.0),24/05/2024 23:00,A,FC_E,TOTAL,KTOE,AT,2019,26221.621
ESTAT:TEN00124(1.0),24/05/2024 23:00,A,FC_E,TOTAL,KTOE,AT,2020,24872.933
ESTAT:TEN00124(1.0),24/05/2024 23:00,A,FC_E,TOTAL,KTOE,AT,2021,26487.778
ESTAT:TEN00124(1.0),24/05/2024 23:00,A,FC_E,TOTAL,KTOE,AT,2022,24823.616
ESTAT:TEN00124(1.0),24/05/2024 23:00,A,FC_E,TOTAL,KTOE,BA,2014,3103.624
ESTAT:TEN00124(1.0),24/05/2024 23:00,A,FC_E,TOTAL,KTOE,BA,2015,3316.907
ESTAT:TEN00124(1.0),24/05/2024 23:00,A,FC_E,TOTAL,KTOE,BA,2016,3543.934
ESTAT:TEN00124(1.0),24/05/2024 23:00,A,FC_E,TOTAL,KTOE,BA,2017,3497.933
ESTAT:TEN00124(1.0),24/05/2024 23:00,A,FC_E,TOTAL,KTOE,BA,2018,4211.931
ESTAT:TEN00124(1.0),24/05/2024 23:00,A,FC_E,TOTAL,KTOE,BA,2019,4207.688
ESTAT:TEN00124(1.0),24/05/2024 23:00,A,FC_E,TOTAL,KTOE,BA,2020,4024.489
ESTAT:TEN00124(1.0),24/05/2024 23:00,A,FC_E,TOTAL,KTOE,BA,2021,4305.32
ESTAT:TEN00124(1.0),24/05/2024 23:00,A,FC_E,TOTAL,KTOE,BA,2022,4290.012
ESTAT:TEN00124(1.0),24/05/2024 23:00,A,FC_E,TOTAL,KTOE,BE,2011,32624.012
ESTAT:TEN00124(1.0),24/05/2024 23:00,A,FC_E,TOTAL,KTOE,BE,2012,33058.28
ESTAT:TEN00124(1.0),24/05/2024 23:00,A,FC_E,TOTAL,KTOE,BE,2013,34107.252
ESTAT:TEN00124(1.0),24/05/2024 23:00,A,FC_E,TOTAL,KTOE,BE,2014,31594.248
ESTAT:TEN00124(1.0),24/05/2024 23:00,A,FC_E,TOTAL,KTOE,BE,2015,33155.9
ESTAT:TEN00124(1.0),24/05/2024 23:00,A,FC_E,TOTAL,KTOE,BE,2016,33437.524
ESTAT:TEN00124(1.0),24/05/2024 23:00,A,FC_E,TOTAL,KTOE,BE,2017,32979.543
ESTAT:TEN00124(1.0),24/05/2024 23:00,A,FC_E,TOTAL,KTOE,BE,2018,33204.836
ESTAT:TEN00124(1.0),24/05/2024 23:00,A,FC_E,TOTAL,KTOE,BE,2019,32590.234
ESTAT:TEN00124(1.0),24/05/2024 23:00,A,FC_E,TOTAL,KTOE,BE,2020,30938.838
ESTAT:TEN00124(1.0),24/05/2024 23:00,A,FC_E,TOTAL,KTOE,BE,2021,33173.523
ESTAT:TEN00124(1.0),24/05/2024 23:00,A,FC_E,TOTAL,KTOE,BE,2022,30383.39
ESTAT:TEN00124(1.0),24/05/2024 23:00,A,FC_E,TOTAL,KTOE,BG,2011,9125.105
ESTAT:TEN00124(1.0),24/05/2024 23:00,A,FC_E,TOTAL,KTOE,BG,2012,9103.369
ESTAT:TEN00124(1.0),24/05/2024 23:00,A,FC_E,TOTAL,KTOE,BG,2013,8680.757
ESTAT:TEN00124(1.0),24/05/2024 23:00,A,FC_E,TOTAL,KTOE,BG,2014,8881.501
ESTAT:TEN00124(1.0),24/05/2024 23:00,A,FC_E,TOTAL,KTOE,BG,2015,9388.553
ESTAT:TEN00124(1.0),24/05/2024 23:00,A,FC_E,TOTAL,KTOE,BG,2016,9517.949
ESTAT:TEN00124(1.0),24/05/2024 23:00,A,FC_E,TOTAL,KTOE,BG,2017,9745.903
ESTAT:TEN00124(1.0),24/05/2024 23:00,A,FC_E,TOTAL,KTOE,BG,2018,9757.67
ESTAT:TEN00124(1.0),24/05/2024 23:00,A,FC_E,TOTAL,KTOE,BG,2019,9719.6
ESTAT:TEN00124(1.0),24/05/2024 23:00,A,FC_E,TOTAL,KTOE,BG,2020,9499.659
ESTAT:TEN00124(1.0),24/05/2024 23:00,A,FC_E,TOTAL,KTOE,BG,2021,10164.447
ESTAT:TEN00124(1.0),24/05/2024 23:00,A,FC_E,TOTAL,KTOE,BG,2022,9854.067
ESTAT:TEN00124(1.0),24/05/2024 23:00,A,FC_E,TOTAL,KTOE,CY,2011,1614.212
ESTAT:TEN00124(1.0),24/05/2024 23:00,A,FC_E,TOTAL,KTOE,CY,2012,1492.799
ESTAT:TEN00124(1.0),24/05/2024 23:00,A,FC_E,TOTAL,KTOE,CY,2013,1372.455
ESTAT:TEN00124(1.0),24/05/2024 23:00,A,FC_E,TOTAL,KTOE,CY,2014,1377.348
ESTAT:TEN00124(1.0),24/05/2024 23:00,A,FC_E,TOTAL,KTOE,CY,2015,1423.923
ESTAT:TEN00124(1.0),24/05/2024 23:00,A,FC_E,TOTAL,KTOE,CY,2016,1490.606
ESTAT:TEN00124(1.0),24/05/2024 23:00,A,FC_E,TOTAL,KTOE,CY,2017,1551.546
ESTAT:TEN00124(1.0),24/05/2024 23:00,A,FC_E,TOTAL,KTOE,CY,2018,1581.273
ESTAT:TEN00124(1.0),24/05/2024 23:00,A,FC_E,TOTAL,KTOE,CY,2019,1626.652
ESTAT:TEN00124(1.0),24/05/2024 23:00,A,FC_E,TOTAL,KTOE,CY,2020,1525.932
ESTAT:TEN00124(1.0),24/05/2024 23:00,A,FC_E,TOTAL,KTOE,CY,2021,1584.965
ESTAT:TEN00124(1.0),24/05/2024 23:00,A,FC_E,TOTAL,KTOE,CY,2022,1609.596
ESTAT:TEN00124(1.0),24/05/2024 23:00,A,FC_E,TOTAL,KTOE,CZ,2011,23337.059
ESTAT:TEN00124(1.0),24/05/2024 23:00,A,FC_E,TOTAL,KTOE,CZ,2012,23326.229
ESTAT:TEN00124(1.0),24/05/2024 23:00,A,FC_E,TOTAL,KTOE,CZ,2013,23131.377
ESTAT:TEN00124(1.0),24/05/2024 23:00,A,FC_E,TOTAL,KTOE,CZ,2014,22445.593
ESTAT:TEN00124(1.0),24/05/2024 23:00,A,FC_E,TOTAL,KTOE,CZ,2015,23100.094
ESTAT:TEN00124(1.0),24/05/2024 23:00,A,FC_E,TOTAL,KTOE,CZ,2016,23695.026
ESTAT:TEN00124(1.0),24/05/2024 23:00,A,FC_E,TOTAL,KTOE,CZ,2017,24445.396
ESTAT:TEN00124(1.0),24/05/2024 23:00,A,FC_E,TOTAL,KTOE,CZ,2018,24190.964
ESTAT:TEN00124(1.0),24/05/2024 23:00,A,FC_E,TOTAL,KTOE,CZ,2019,24227.514
ESTAT:TEN00124(1.0),24/05/2024 23:00,A,FC_E,TOTAL,KTOE,CZ,2020,23766.194
ESTAT:TEN00124(1.0),24/05/2024 23:00,A,FC_E,TOTAL,KTOE,CZ,2021,25315.247
ESTAT:TEN00124(1.0),24/05/2024 23:00,A,FC_E,TOTAL,KTOE,CZ,2022,24232.335
ESTAT:TEN00124(1.0),24/05/2024 23:00,A,FC_E,TOTAL,KTOE,DE,2011,199292.537
ESTAT:TEN00124(1.0),24/05/2024 23:00,A,FC_E,TOTAL,KTOE,DE,2012,202662.536
ESTAT:TEN00124(1.0),24/05/2024 23:00,A,FC_E,TOTAL,KTOE,DE,2013,208057.421
ESTAT:TEN00124(1.0),24/05/2024 23:00,A,FC_E,TOTAL,KTOE,DE,2014,197229.019
ESTAT:TEN00124(1.0),24/05/2024 23:00,A,FC_E,TOTAL,KTOE,DE,2015,200031.296
ESTAT:TEN00124(1.0),24/05/2024 23:00,A,FC_E,TOTAL,KTOE,DE,2016,203666.981
ESTAT:TEN00124(1.0),24/05/2024 23:00,A,FC_E,TOTAL,KTOE,DE,2017,204512.293
ESTAT:TEN00124(1.0),24/05/2024 23:00,A,FC_E,TOTAL,KTOE,DE,2018,200684.593
ESTAT:TEN00124(1.0),24/05/2024 23:00,A,FC_E,TOTAL,KTOE,DE,2019,200804.342
ESTAT:TEN00124(1.0),24/05/2024 23:00,A,FC_E,TOTAL,KTOE,DE,2020,194248.055
ESTAT:TEN00124(1.0),24/05/2024 23:00,A,FC_E,TOTAL,KTOE,DE,2021,197569.316
ESTAT:TEN00124(1.0),24/05/2024 23:00,A,FC_E,TOTAL,KTOE,DE,2022,190442.433
ESTAT:TEN00124(1.0),24/05/2024 23:00,A,FC_E,TOTAL,KTOE,DK,2011,14116.296
ESTAT:TEN00124(1.0),24/05/2024 23:00,A,FC_E,TOTAL,KTOE,DK,2012,13611.792
ESTAT:TEN00124(1.0),24/05/2024 23:00,A,FC_E,TOTAL,KTOE,DK,2013,13460.545
ESTAT:TEN00124(1.0),24/05/2024 23:00,A,FC_E,TOTAL,KTOE,DK,2014,12932.124
ESTAT:TEN00124(1.0),24/05/2024 23:00,A,FC_E,TOTAL,KTOE,DK,2015,13462.386
ESTAT:TEN00124(1.0),24/05/2024 23:00,A,FC_E,TOTAL,KTOE,DK,2016,13764.113
ESTAT:TEN00124(1.0),24/05/2024 23:00,A,FC_E,TOTAL,KTOE,DK,2017,13816.96
ESTAT:TEN00124(1.0),24/05/2024 23:00,A,FC_E,TOTAL,KTOE,DK,2018,13787.68
ESTAT:TEN00124(1.0),24/05/2024 23:00,A,FC_E,TOTAL,KTOE,DK,2019,13538.875
ESTAT:TEN00124(1.0),24/05/2024 23:00,A,FC_E,TOTAL,KTOE,DK,2020,13067.367
ESTAT:TEN00124(1.0),24/05/2024 23:00,A,FC_E,TOTAL,KTOE,DK,2021,13815.139
ESTAT:TEN00124(1.0),24/05/2024 23:00,A,FC_E,TOTAL,KTOE,DK,2022,13036.306
ESTAT:TEN00124(1.0),24/05/2024 23:00,A,FC_E,TOTAL,KTOE,EE,2011,2781.689
ESTAT:TEN00124(1.0),24/05/2024 23:00,A,FC_E,TOTAL,KTOE,EE,2012,2827.225
ESTAT:TEN00124(1.0),24/05/2024 23:00,A,FC_E,TOTAL,KTOE,EE,2013,2840.316
ESTAT:TEN00124(1.0),24/05/2024 23:00,A,FC_E,TOTAL,KTOE,EE,2014,2774.349
ESTAT:TEN00124(1.0),24/05/2024 23:00,A,FC_E,TOTAL,KTOE,EE,2015,2750.345
ESTAT:TEN00124(1.0),24/05/2024 23:00,A,FC_E,TOTAL,KTOE,EE,2016,2794.835
ESTAT:TEN00124(1.0),24/05/2024 23:00,A,FC_E,TOTAL,KTOE,EE,2017,2807.413
ESTAT:TEN00124(1.0),24/05/2024 23:00,A,FC_E,TOTAL,KTOE,EE,2018,2888.098
ESTAT:TEN00124(1.0),24/05/2024 23:00,A,FC_E,TOTAL,KTOE,EE,2019,2826.061
ESTAT:TEN00124(1.0),24/05/2024 23:00,A,FC_E,TOTAL,KTOE,EE,2020,2725.496
ESTAT:TEN00124(1.0),24/05/2024 23:00,A,FC_E,TOTAL,KTOE,EE,2021,2789.658
ESTAT:TEN00124(1.0),24/05/2024 23:00,A,FC_E,TOTAL,KTOE,EE,2022,2720.738
ESTAT:TEN00124(1.0),24/05/2024 23:00,A,FC_E,TOTAL,KTOE,EL,2011,18185.332
ESTAT:TEN00124(1.0),24/05/2024 23:00,A,FC_E,TOTAL,KTOE,EL,2012,16402.985
ESTAT:TEN00124(1.0),24/05/2024 23:00,A,FC_E,TOTAL,KTOE,EL,2013,14668.337
ESTAT:TEN00124(1.0),24/05/2024 23:00,A,FC_E,TOTAL,KTOE,EL,2014,14804.112
ESTAT:TEN00124(1.0),24/05/2024 23:00,A,FC_E,TOTAL,KTOE,EL,2015,15741.021
ESTAT:TEN00124(1.0),24/05/2024 23:00,A,FC_E,TOTAL,KTOE,EL,2016,15867.95
ESTAT:TEN00124(1.0),24/05/2024 23:00,A,FC_E,TOTAL,KTOE,EL,2017,15708.524
ESTAT:TEN00124(1.0),24/05/2024 23:00,A,FC_E,TOTAL,KTOE,EL,2018,15141.636
ESTAT:TEN00124(1.0),24/05/2024 23:00,A,FC_E,TOTAL,KTOE,EL,2019,15386.999
ESTAT:TEN00124(1.0),24/05/2024 23:00,A,FC_E,TOTAL,KTOE,EL,2020,14470.268
ESTAT:TEN00124(1.0),24/05/2024 23:00,A,FC_E,TOTAL,KTOE,EL,2021,14911.94
ESTAT:TEN00124(1.0),24/05/2024 23:00,A,FC_E,TOTAL,KTOE,EL,2022,15399.676
ESTAT:TEN00124(1.0),24/05/2024 23:00,A,FC_E,TOTAL,KTOE,ES,2011,82390.875
ESTAT:TEN00124(1.0),24/05/2024 23:00,A,FC_E,TOTAL,KTOE,ES,2012,79000.274
ESTAT:TEN00124(1.0),24/05/2024 23:00,A,FC_E,TOTAL,KTOE,ES,2013,76056.192
ESTAT:TEN00124(1.0),24/05/2024 23:00,A,FC_E,TOTAL,KTOE,ES,2014,75144.184
ESTAT:TEN00124(1.0),24/05/2024 23:00,A,FC_E,TOTAL,KTOE,ES,2015,75945.839
ESTAT:TEN00124(1.0),24/05/2024 23:00,A,FC_E,TOTAL,KTOE,ES,2016,77631.876
ESTAT:TEN00124(1.0),24/05/2024 23:00,A,FC_E,TOTAL,KTOE,ES,2017,79697.362
ESTAT:TEN00124(1.0),24/05/2024 23:00,A,FC_E,TOTAL,KTOE,ES,2018,81695.165
ESTAT:TEN00124(1.0),24/05/2024 23:00,A,FC_E,TOTAL,KTOE,ES,2019,81511.227
ESTAT:TEN00124(1.0),24/05/2024 23:00,A,FC_E,TOTAL,KTOE,ES,2020,72322.647
ESTAT:TEN00124(1.0),24/05/2024 23:00,A,FC_E,TOTAL,KTOE,ES,2021,78607.539
ESTAT:TEN00124(1.0),24/05/2024 23:00,A,FC_E,TOTAL,KTOE,ES,2022,77873.473
ESTAT:TEN00124(1.0),24/05/2024 23:00,A,FC_E,TOTAL,KTOE,EU27_2020,2011,934577.602
ESTAT:TEN00124(1.0),24/05/2024 23:00,A,FC_E,TOTAL,KTOE,EU27_2020,2012,933948.049
ESTAT:TEN00124(1.0),24/05/2024 23:00,A,FC_E,TOTAL,KTOE,EU27_2020,2013,932228.051
ESTAT:TEN00124(1.0),24/05/2024 23:00,A,FC_E,TOTAL,KTOE,EU27_2020,2014,890529.118
ESTAT:TEN00124(1.0),24/05/2024 23:00,A,FC_E,TOTAL,KTOE,EU27_2020,2015,909898.236
ESTAT:TEN00124(1.0),24/05/2024 23:00,A,FC_E,TOTAL,KTOE,EU27_2020,2016,928182.513
ESTAT:TEN00124(1.0),24/05/2024 23:00,A,FC_E,TOTAL,KTOE,EU27_2020,2017,941177.648
ESTAT:TEN00124(1.0),24/05/2024 23:00,A,FC_E,TOTAL,KTOE,EU27_2020,2018,942928.329
ESTAT:TEN00124(1.0),24/05/2024 23:00,A,FC_E,TOTAL,KTOE,EU27_2020,2019,937979.399
ESTAT:TEN00124(1.0),24/05/2024 23:00,A,FC_E,TOTAL,KTOE,EU27_2020,2020,885119.323
ESTAT:TEN00124(1.0),24/05/2024 23:00,A,FC_E,TOTAL,KTOE,EU27_2020,2021,939151.686
ESTAT:TEN00124(1.0),24/05/2024 23:00,A,FC_E,TOTAL,KTOE,EU27_2020,2022,902151.506
ESTAT:TEN00124(1.0),24/05/2024 23:00,A,FC_E,TOTAL,KTOE,FI,2011,23726.736
ESTAT:TEN00124(1.0),24/05/2024 23:00,A,FC_E,TOTAL,KTOE,FI,2012,23952.27
ESTAT:TEN00124(1.0),24/05/2024 23:00,A,FC_E,TOTAL,KTOE,FI,2013,23561.862
ESTAT:TEN00124(1.0),24/05/2024 23:00,A,FC_E,TOTAL,KTOE,FI,2014,23416.963
ESTAT:TEN00124(1.0),24/05/2024 23:00,A,FC_E,TOTAL,KTOE,FI,2015,23049.777
ESTAT:TEN00124(1.0),24/05/2024 23:00,A,FC_E,TOTAL,KTOE,FI,2016,24030.895
ESTAT:TEN00124(1.0),24/05/2024 23:00,A,FC_E,TOTAL,KTOE,FI,2017,24677.948
ESTAT:TEN00124(1.0),24/05/2024 23:00,A,FC_E,TOTAL,KTOE,FI,2018,25023.502
ESTAT:TEN00124(1.0),24/05/2024 23:00,A,FC_E,TOTAL,KTOE,FI,2019,24828.679
ESTAT:TEN00124(1.0),24/05/2024 23:00,A,FC_E,TOTAL,KTOE,FI,2020,23246.067
ESTAT:TEN00124(1.0),24/05/2024 23:00,A,FC_E,TOTAL,KTOE,FI,2021,24805.313
ESTAT:TEN00124(1.0),24/05/2024 23:00,A,FC_E,TOTAL,KTOE,FI,2022,23172.696
ESTAT:TEN00124(1.0),24/05/2024 23:00,A,FC_E,TOTAL,KTOE,FR,2011,140884.076
ESTAT:TEN00124(1.0),24/05/2024 23:00,A,FC_E,TOTAL,KTOE,FR,2012,145862.497
ESTAT:TEN00124(1.0),24/05/2024 23:00,A,FC_E,TOTAL,KTOE,FR,2013,148717.482
ESTAT:TEN00124(1.0),24/05/2024 23:00,A,FC_E,TOTAL,KTOE,FR,2014,137552.535
ESTAT:TEN00124(1.0),24/05/2024 23:00,A,FC_E,TOTAL,KTOE,FR,2015,140840.983
ESTAT:TEN00124(1.0),24/05/2024 23:00,A,FC_E,TOTAL,KTOE,FR,2016,143322.297
ESTAT:TEN00124(1.0),24/05/2024 23:00,A,FC_E,TOTAL,KTOE,FR,2017,142341.684
ESTAT:TEN00124(1.0),24/05/2024 23:00,A,FC_E,TOTAL,KTOE,FR,2018,140354.207
ESTAT:TEN00124(1.0),24/05/2024 23:00,A,FC_E,TOTAL,KTOE,FR,2019,139339.439
ESTAT:TEN00124(1.0),24/05/2024 23:00,A,FC_E,TOTAL,KTOE,FR,2020,127822.129
ESTAT:TEN00124(1.0),24/05/2024 23:00,A,FC_E,TOTAL,KTOE,FR,2021,138965.296
ESTAT:TEN00124(1.0),24/05/2024 23:00,A,FC_E,TOTAL,KTOE,FR,2022,132682.3
ESTAT:TEN00124(1.0),24/05/2024 23:00,A,FC_E,TOTAL,KTOE,GE,2013,3505.236
ESTAT:TEN00124(1.0),24/05/2024 23:00,A,FC_E,TOTAL,KTOE,GE,2014,3796.823
ESTAT:TEN00124(1.0),24/05/2024 23:00,A,FC_E,TOTAL,KTOE,GE,2015,3919.153
ESTAT:TEN00124(1.0),24/05/2024 23:00,A,FC_E,TOTAL,KTOE,GE,2016,4165.671
ESTAT:TEN00124(1.0),24/05/2024 23:00,A,FC_E,TOTAL,KTOE,GE,2017,4212.4
ESTAT:TEN00124(1.0),24/05/2024 23:00,A,FC_E,TOTAL,KTOE,GE,2018,4155.102
ESTAT:TEN00124(1.0),24/05/2024 23:00,A,FC_E,TOTAL,KTOE,GE,2019,4266.538
ESTAT:TEN00124(1.0),24/05/2024 23:00,A,FC_E,TOTAL,KTOE,GE,2020,4188.821
ESTAT:TEN00124(1.0),24/05/2024 23:00,A,FC_E,TOTAL,KTOE,GE,2021,4643.943
ESTAT:TEN00124(1.0),24/05/2024 23:00,A,FC_E,TOTAL,KTOE,GE,2022,4900.447
ESTAT:TEN00124(1.0),24/05/2024 23:00,A,FC_E,TOTAL,KTOE,HR,2011,6875.498
ESTAT:TEN00124(1.0),24/05/2024 23:00,A,FC_E,TOTAL,KTOE,HR,2012,6558.631
ESTAT:TEN00124(1.0),24/05/2024 23:00,A,FC_E,TOTAL,KTOE,HR,2013,6467.843
ESTAT:TEN00124(1.0),24/05/2024 23:00,A,FC_E,TOTAL,KTOE,HR,2014,6130.555
ESTAT:TEN00124(1.0),24/05/2024 23:00,A,FC_E,TOTAL,KTOE,HR,2015,6484.974
ESTAT:TEN00124(1.0),24/05/2024 23:00,A,FC_E,TOTAL,KTOE,HR,2016,6533.115
ESTAT:TEN00124(1.0),24/05/2024 23:00,A,FC_E,TOTAL,KTOE,HR,2017,6793.042
ESTAT:TEN00124(1.0),24/05/2024 23:00,A,FC_E,TOTAL,KTOE,HR,2018,6682.876
ESTAT:TEN00124(1.0),24/05/2024 23:00,A,FC_E,TOTAL,KTOE,HR,2019,6726.814
ESTAT:TEN00124(1.0),24/05/2024 23:00,A,FC_E,TOTAL,KTOE,HR,2020,6432.449
ESTAT:TEN00124(1.0),24/05/2024 23:00,A,FC_E,TOTAL,KTOE,HR,2021,6887.646
ESTAT:TEN00124(1.0),24/05/2024 23:00,A,FC_E,TOTAL,KTOE,HR,2022,6719.174
ESTAT:TEN00124(1.0),24/05/2024 23:00,A,FC_E,TOTAL,KTOE,HU,2011,16917.517
ESTAT:TEN00124(1.0),24/05/2024 23:00,A,FC_E,TOTAL,KTOE,HU,2012,16003.531
ESTAT:TEN00124(1.0),24/05/2024 23:00,A,FC_E,TOTAL,KTOE,HU,2013,16255.431
ESTAT:TEN00124(1.0),24/05/2024 23:00,A,FC_E,TOTAL,KTOE,HU,2014,15775.708
ESTAT:TEN00124(1.0),24/05/2024 23:00,A,FC_E,TOTAL,KTOE,HU,2015,16829.628
ESTAT:TEN00124(1.0),24/05/2024 23:00,A,FC_E,TOTAL,KTOE,HU,2016,17274.354
ESTAT:TEN00124(1.0),24/05/2024 23:00,A,FC_E,TOTAL,KTOE,HU,2017,17874.513
ESTAT:TEN00124(1.0),24/05/2024 23:00,A,FC_E,TOTAL,KTOE,HU,2018,17849.381
ESTAT:TEN00124(1.0),24/05/2024 23:00,A,FC_E,TOTAL,KTOE,HU,2019,17968.801
ESTAT:TEN00124(1.0),24/05/2024 23:00,A,FC_E,TOTAL,KTOE,HU,2020,17606.514
ESTAT:TEN00124(1.0),24/05/2024 23:00,A,FC_E,TOTAL,KTOE,HU,2021,18793.605
ESTAT:TEN00124(1.0),24/05/2024 23:00,A,FC_E,TOTAL,KTOE,HU,2022,17961.469
ESTAT:TEN00124(1.0),24/05/2024 23:00,A,FC_E,TOTAL,KTOE,IE,2011,10363.608
ESTAT:TEN00124(1.0),24/05/2024 23:00,A,FC_E,TOTAL,KTOE,IE,2012,10175.368
ESTAT:TEN00124(1.0),24/05/2024 23:00,A,FC_E,TOTAL,KTOE,IE,2013,10248.421
ESTAT:TEN00124(1.0),24/05/2024 23:00,A,FC_E,TOTAL,KTOE,IE,2014,10189.452
ESTAT:TEN00124(1.0),24/05/2024 23:00,A,FC_E,TOTAL,KTOE,IE,2015,10512.78
ESTAT:TEN00124(1.0),24/05/2024 23:00,A,FC_E,TOTAL,KTOE,IE,2016,10921.747
ESTAT:TEN00124(1.0),24/05/2024 23:00,A,FC_E,TOTAL,KTOE,IE,2017,10871.86
ESTAT:TEN00124(1.0),24/05/2024 23:00,A,FC_E,TOTAL,KTOE,IE,2018,11337.053
ESTAT:TEN00124(1.0),24/05/2024 23:00,A,FC_E,TOTAL,KTOE,IE,2019,11319.107
ESTAT:TEN00124(1.0),24/05/2024 23:00,A,FC_E,TOTAL,KTOE,IE,2020,10854.506
ESTAT:TEN00124(1.0),24/05/2024 23:00,A,FC_E,TOTAL,KTOE,IE,2021,11061.6
ESTAT:TEN00124(1.0),24/05/2024 23:00,A,FC_E,TOTAL,KTOE,IE,2022,11058.173
ESTAT:TEN00124(1.0),24/05/2024 23:00,A,FC_E,TOTAL,KTOE,IS,2011,2521.164
ESTAT:TEN00124(1.0),24/05/2024 23:00,A,FC_E,TOTAL,KTOE,IS,2012,2600.49
ESTAT:TEN00124(1.0),24/05/2024 23:00,A,FC_E,TOTAL,KTOE,IS,2013,2706.726
ESTAT:TEN00124(1.0),24/05/2024 23:00,A,FC_E,TOTAL,KTOE,IS,2014,2739.703
ESTAT:TEN00124(1.0),24/05/2024 23:00,A,FC_E,TOTAL,KTOE,IS,2015,2848.624
ESTAT:TEN00124(1.0),24/05/2024 23:00,A,FC_E,TOTAL,KTOE,IS,2016,2801.368
ESTAT:TEN00124(1.0),24/05/2024 23:00,A,FC_E,TOTAL,KTOE,IS,2017,2848.956
ESTAT:TEN00124(1.0),24/05/2024 23:00,A,FC_E,TOTAL,KTOE,IS,2018,3078.878
ESTAT:TEN00124(1.0),24/05/2024 23:00,A,FC_E,TOTAL,KTOE,IS,2019,2934.494
ESTAT:TEN00124(1.0),24/05/2024 23:00,A,FC_E,TOTAL,KTOE,IS,2020,2869.74
ESTAT:TEN00124(1.0),24/05/2024 23:00,A,FC_E,TOTAL,KTOE,IS,2021,2984.432
ESTAT:TEN00124(1.0),24/05/2024 23:00,A,FC_E,TOTAL,KTOE,IT,2011,117518.026
ESTAT:TEN00124(1.0),24/05/2024 23:00,A,FC_E,TOTAL,KTOE,IT,2012,116559.044
ESTAT:TEN00124(1.0),24/05/2024 23:00,A,FC_E,TOTAL,KTOE,IT,2013,114053.675
ESTAT:TEN00124(1.0),24/05/2024 23:00,A,FC_E,TOTAL,KTOE,IT,2014,108848.35
ESTAT:TEN00124(1.0),24/05/2024 23:00,A,FC_E,TOTAL,KTOE,IT,2015,112108.171
ESTAT:TEN00124(1.0),24/05/2024 23:00,A,FC_E,TOTAL,KTOE,IT,2016,111554.603
ESTAT:TEN00124(1.0),24/05/2024 23:00,A,FC_E,TOTAL,KTOE,IT,2017,113611.214
ESTAT:TEN00124(1.0),24/05/2024 23:00,A,FC_E,TOTAL,KTOE,IT,2018,114296.937
ESTAT:TEN00124(1.0),24/05/2024 23:00,A,FC_E,TOTAL,KTOE,IT,2019,113119.475
ESTAT:TEN00124(1.0),24/05/2024 23:00,A,FC_E,TOTAL,KTOE,IT,2020,103057.147
ESTAT:TEN00124(1.0),24/05/2024 23:00,A,FC_E,TOTAL,KTOE,IT,2021,114724.702
ESTAT:TEN00124(1.0),24/05/2024 23:00,A,FC_E,TOTAL,KTOE,IT,2022,110777.728
ESTAT:TEN00124(1.0),24/05/2024 23:00,A,FC_E,TOTAL,KTOE,LT,2011,4728.244
ESTAT:TEN00124(1.0),24/05/2024 23:00,A,FC_E,TOTAL,KTOE,LT,2012,4838.968
ESTAT:TEN00124(1.0),24/05/2024 23:00,A,FC_E,TOTAL,KTOE,LT,2013,4712.305
ESTAT:TEN00124(1.0),24/05/2024 23:00,A,FC_E,TOTAL,KTOE,LT,2014,4800.537
ESTAT:TEN00124(1.0),24/05/2024 23:00,A,FC_E,TOTAL,KTOE,LT,2015,4779.51
ESTAT:TEN00124(1.0),24/05/2024 23:00,A,FC_E,TOTAL,KTOE,LT,2016,5003.215
ESTAT:TEN00124(1.0),24/05/2024 23:00,A,FC_E,TOTAL,KTOE,LT,2017,5239.082
ESTAT:TEN00124(1.0),24/05/2024 23:00,A,FC_E,TOTAL,KTOE,LT,2018,5466.581
ESTAT:TEN00124(1.0),24/05/2024 23:00,A,FC_E,TOTAL,KTOE,LT,2019,5460.021
ESTAT:TEN00124(1.0),24/05/2024 23:00,A,FC_E,TOTAL,KTOE,LT,2020,5284.212
ESTAT:TEN00124(1.0),24/05/2024 23:00,A,FC_E,TOTAL,KTOE,LT,2021,5662.351
ESTAT:TEN00124(1.0),24/05/2024 23:00,A,FC_E,TOTAL,KTOE,LT,2022,5376.688
ESTAT:TEN00124(1.0),24/05/2024 23:00,A,FC_E,TOTAL,KTOE,LU,2011,3889.18
ESTAT:TEN00124(1.0),24/05/2024 23:00,A,FC_E,TOTAL,KTOE,LU,2012,3799.238
ESTAT:TEN00124(1.0),24/05/2024 23:00,A,FC_E,TOTAL,KTOE,LU,2013,3753.122
ESTAT:TEN00124(1.0),24/05/2024 23:00,A,FC_E,TOTAL,KTOE,LU,2014,3596.761
ESTAT:TEN00124(1.0),24/05/2024 23:00,A,FC_E,TOTAL,KTOE,LU,2015,3534.819
ESTAT:TEN00124(1.0),24/05/2024 23:00,A,FC_E,TOTAL,KTOE,LU,2016,3533.953
ESTAT:TEN00124(1.0),24/05/2024 23:00,A,FC_E,TOTAL,KTOE,LU,2017,3608.658
ESTAT:TEN00124(1.0),24/05/2024 23:00,A,FC_E,TOTAL,KTOE,LU,2018,3738.139
ESTAT:TEN00124(1.0),24/05/2024 23:00,A,FC_E,TOTAL,KTOE,LU,2019,3792.159
ESTAT:TEN00124(1.0),24/05/2024 23:00,A,FC_E,TOTAL,KTOE,LU,2020,3270.781
ESTAT:TEN00124(1.0),24/05/2024 23:00,A,FC_E,TOTAL,KTOE,LU,2021,3440.379
ESTAT:TEN00124(1.0),24/05/2024 23:00,A,FC_E,TOTAL,KTOE,LU,2022,3032.114
ESTAT:TEN00124(1.0),24/05/2024 23:00,A,FC_E,TOTAL,KTOE,LV,2011,3751.161
ESTAT:TEN00124(1.0),24/05/2024 23:00,A,FC_E,TOTAL,KTOE,LV,2012,3908.282
ESTAT:TEN00124(1.0),24/05/2024 23:00,A,FC_E,TOTAL,KTOE,LV,2013,3732.245
ESTAT:TEN00124(1.0),24/05/2024 23:00,A,FC_E,TOTAL,KTOE,LV,2014,3776.066
ESTAT:TEN00124(1.0),24/05/2024 23:00,A,FC_E,TOTAL,KTOE,LV,2015,3680.167
ESTAT:TEN00124(1.0),24/05/2024 23:00,A,FC_E,TOTAL,KTOE,LV,2016,3697.443
ESTAT:TEN00124(1.0),24/05/2024 23:00,A,FC_E,TOTAL,KTOE,LV,2017,3875.195
ESTAT:TEN00124(1.0),24/05/2024 23:00,A,FC_E,TOTAL,KTOE,LV,2018,4024.765
ESTAT:TEN00124(1.0),24/05/2024 23:00,A,FC_E,TOTAL,KTOE,LV,2019,3924.687
ESTAT:TEN00124(1.0),24/05/2024 23:00,A,FC_E,TOTAL,KTOE,LV,2020,3798.185
ESTAT:TEN00124(1.0),24/05/2024 23:00,A,FC_E,TOTAL,KTOE,LV,2021,3980.292
ESTAT:TEN00124(1.0),24/05/2024 23:00,A,FC_E,TOTAL,KTOE,LV,2022,3821.053
ESTAT:TEN00124(1.0),24/05/2024 23:00,A,FC_E,TOTAL,KTOE,MD,2011,2336.77
ESTAT:TEN00124(1.0),24/05/2024 23:00,A,FC_E,TOTAL,KTOE,MD,2012,2267.918
ESTAT:TEN00124(1.0),24/05/2024 23:00,A,FC_E,TOTAL,KTOE,MD,2013,2294.391
ESTAT:TEN00124(1.0),24/05/2024 23:00,A,FC_E,TOTAL,KTOE,MD,2014,2295.133
ESTAT:TEN00124(1.0),24/05/2024 23:00,A,FC_E,TOTAL,KTOE,MD,2015,2357.098
ESTAT:TEN00124(1.0),24/05/2024 23:00,A,FC_E,TOTAL,KTOE,MD,2016,2457.919
ESTAT:TEN00124(1.0),24/05/2024 23:00,A,FC_E,TOTAL,KTOE,MD,2017,2589.822
ESTAT:TEN00124(1.0),24/05/2024 23:00,A,FC_E,TOTAL,KTOE,MD,2018,2684.563
ESTAT:TEN00124(1.0),24/05/2024 23:00,A,FC_E,TOTAL,KTOE,MD,2019,2580.369
ESTAT:TEN00124(1.0),24/05/2024 23:00,A,FC_E,TOTAL,KTOE,MD,2020,2480.676
ESTAT:TEN00124(1.0),24/05/2024 23:00,A,FC_E,TOTAL,KTOE,MD,2021,2759.055
ESTAT:TEN00124(1.0),24/05/2024 23:00,A,FC_E,TOTAL,KTOE,MD,2022,2443.491
ESTAT:TEN00124(1.0),24/05/2024 23:00,A,FC_E,TOTAL,KTOE,ME,2011,719.28
ESTAT:TEN00124(1.0),24/05/2024 23:00,A,FC_E,TOTAL,KTOE,ME,2012,698.97
ESTAT:TEN00124(1.0),24/05/2024 23:00,A,FC_E,TOTAL,KTOE,ME,2013,640.991
ESTAT:TEN00124(1.0),24/05/2024 23:00,A,FC_E,TOTAL,KTOE,ME,2014,628.575
ESTAT:TEN00124(1.0),24/05/2024 23:00,A,FC_E,TOTAL,KTOE,ME,2015,662.644
ESTAT:TEN00124(1.0),24/05/2024 23:00,A,FC_E,TOTAL,KTOE,ME,2016,688.761
ESTAT:TEN00124(1.0),24/05/2024 23:00,A,FC_E,TOTAL,KTOE,ME,2017,728.889
ESTAT:TEN00124(1.0),24/05/2024 23:00,A,FC_E,TOTAL,KTOE,ME,2018,729.633
ESTAT:TEN00124(1.0),24/05/2024 23:00,A,FC_E,TOTAL,KTOE,ME,2019,760.625
ESTAT:TEN00124(1.0),24/05/2024 23:00,A,FC_E,TOTAL,KTOE,ME,2020,696.84
ESTAT:TEN00124(1.0),24/05/2024 23:00,A,FC_E,TOTAL,KTOE,ME,2021,796.294
ESTAT:TEN00124(1.0),24/05/2024 23:00,A,FC_E,TOTAL,KTOE,ME,2022,752.609
ESTAT:TEN00124(1.0),24/05/2024 23:00,A,FC_E,TOTAL,KTOE,MK,2011,1903.21
ESTAT:TEN00124(1.0),24/05/2024 23:00,A,FC_E,TOTAL,KTOE,MK,2012,1845.693
ESTAT:TEN00124(1.0),24/05/2024 23:00,A,FC_E,TOTAL,KTOE,MK,2013,1814.802
ESTAT:TEN00124(1.0),24/05/2024 23:00,A,FC_E,TOTAL,KTOE,MK,2014,1797.481
ESTAT:TEN00124(1.0),24/05/2024 23:00,A,FC_E,TOTAL,KTOE,MK,2015,1837.589
ESTAT:TEN00124(1.0),24/05/2024 23:00,A,FC_E,TOTAL,KTOE,MK,2016,1847.733
ESTAT:TEN00124(1.0),24/05/2024 23:00,A,FC_E,TOTAL,KTOE,MK,2017,1858.961
ESTAT:TEN00124(1.0),24/05/2024 23:00,A,FC_E,TOTAL,KTOE,MK,2018,1832.761
ESTAT:TEN00124(1.0),24/05/2024 23:00,A,FC_E,TOTAL,KTOE,MK,2019,1937.818
ESTAT:TEN00124(1.0),24/05/2024 23:00,A,FC_E,TOTAL,KTOE,MK,2020,1814.178
ESTAT:TEN00124(1.0),24/05/2024 23:00,A,FC_E,TOTAL,KTOE,MK,2021,1968.877
ESTAT:TEN00124(1.0),24/05/2024 23:00,A,FC_E,TOTAL,KTOE,MK,2022,1812.605
ESTAT:TEN00124(1.0),24/05/2024 23:00,A,FC_E,TOTAL,KTOE,MT,2011,388.461
ESTAT:TEN00124(1.0),24/05/2024 23:00,A,FC_E,TOTAL,KTOE,MT,2012,407.257
ESTAT:TEN00124(1.0),24/05/2024 23:00,A,FC_E,TOTAL,KTOE,MT,2013,421.114
ESTAT:TEN00124(1.0),24/05/2024 23:00,A,FC_E,TOTAL,KTOE,MT,2014,435.716
ESTAT:TEN00124(1.0),24/05/2024 23:00,A,FC_E,TOTAL,KTOE,MT,2015,462.343
ESTAT:TEN00124(1.0),24/05/2024 23:00,A,FC_E,TOTAL,KTOE,MT,2016,458.759
ESTAT:TEN00124(1.0),24/05/2024 23:00,A,FC_E,TOTAL,KTOE,MT,2017,492.38
ESTAT:TEN00124(1.0),24/05/2024 23:00,A,FC_E,TOTAL,KTOE,MT,2018,514.389
ESTAT:TEN00124(1.0),24/05/2024 23:00,A,FC_E,TOTAL,KTOE,MT,2019,545.428
ESTAT:TEN00124(1.0),24/05/2024 23:00,A,FC_E,TOTAL,KTOE,MT,2020,500.753
ESTAT:TEN00124(1.0),24/05/2024 23:00,A,FC_E,TOTAL,KTOE,MT,2021,525.035
ESTAT:TEN00124(1.0),24/05/2024 23:00,A,FC_E,TOTAL,KTOE,MT,2022,591.37
ESTAT:TEN00124(1.0),24/05/2024 23:00,A,FC_E,TOTAL,KTOE,NL,2011,46828.589
ESTAT:TEN00124(1.0),24/05/2024 23:00,A,FC_E,TOTAL,KTOE,NL,2012,47027.156
ESTAT:TEN00124(1.0),24/05/2024 23:00,A,FC_E,TOTAL,KTOE,NL,2013,46898.823
ESTAT:TEN00124(1.0),24/05/2024 23:00,A,FC_E,TOTAL,KTOE,NL,2014,42352.359
ESTAT:TEN00124(1.0),24/05/2024 23:00,A,FC_E,TOTAL,KTOE,NL,2015,43376.614
ESTAT:TEN00124(1.0),24/05/2024 23:00,A,FC_E,TOTAL,KTOE,NL,2016,44357.793
ESTAT:TEN00124(1.0),24/05/2024 23:00,A,FC_E,TOTAL,KTOE,NL,2017,44555.075
ESTAT:TEN00124(1.0),24/05/2024 23:00,A,FC_E,TOTAL,KTOE,NL,2018,44904.181
ESTAT:TEN00124(1.0),24/05/2024 23:00,A,FC_E,TOTAL,KTOE,NL,2019,44133.779
ESTAT:TEN00124(1.0),24/05/2024 23:00,A,FC_E,TOTAL,KTOE,NL,2020,41872.517
ESTAT:TEN00124(1.0),24/05/2024 23:00,A,FC_E,TOTAL,KTOE,NL,2021,43214.956
ESTAT:TEN00124(1.0),24/05/2024 23:00,A,FC_E,TOTAL,KTOE,NL,2022,39392.365
ESTAT:TEN00124(1.0),24/05/2024 23:00,A,FC_E,TOTAL,KTOE,NO,2011,19098.411
ESTAT:TEN00124(1.0),24/05/2024 23:00,A,FC_E,TOTAL,KTOE,NO,2012,19324.254
ESTAT:TEN00124(1.0),24/05/2024 23:00,A,FC_E,TOTAL,KTOE,NO,2013,19306.574
ESTAT:TEN00124(1.0),24/05/2024 23:00,A,FC_E,TOTAL,KTOE,NO,2014,18872.169
ESTAT:TEN00124(1.0),24/05/2024 23:00,A,FC_E,TOTAL,KTOE,NO,2015,19168.292
ESTAT:TEN00124(1.0),24/05/2024 23:00,A,FC_E,TOTAL,KTOE,NO,2016,19534.437
ESTAT:TEN00124(1.0),24/05/2024 23:00,A,FC_E,TOTAL,KTOE,NO,2017,19702.222
ESTAT:TEN00124(1.0),24/05/2024 23:00,A,FC_E,TOTAL,KTOE,NO,2018,19840.264
ESTAT:TEN00124(1.0),24/05/2024 23:00,A,FC_E,TOTAL,KTOE,NO,2019,19736.207
ESTAT:TEN00124(1.0),24/05/2024 23:00,A,FC_E,TOTAL,KTOE,NO,2020,19440.387
ESTAT:TEN00124(1.0),24/05/2024 23:00,A,FC_E,TOTAL,KTOE,NO,2021,20410.146
ESTAT:TEN00124(1.0),24/05/2024 23:00,A,FC_E,TOTAL,KTOE,NO,2022,19808.23
ESTAT:TEN00124(1.0),24/05/2024 23:00,A,FC_E,TOTAL,KTOE,PL,2011,63610.484
ESTAT:TEN00124(1.0),24/05/2024 23:00,A,FC_E,TOTAL,KTOE,PL,2012,63257.875
ESTAT:TEN00124(1.0),24/05/2024 23:00,A,FC_E,TOTAL,KTOE,PL,2013,62106.266
ESTAT:TEN00124(1.0),24/05/2024 23:00,A,FC_E,TOTAL,KTOE,PL,2014,60203.43
ESTAT:TEN00124(1.0),24/05/2024 23:00,A,FC_E,TOTAL,KTOE,PL,2015,60861.494
ESTAT:TEN00124(1.0),24/05/2024 23:00,A,FC_E,TOTAL,KTOE,PL,2016,65136.465
ESTAT:TEN00124(1.0),24/05/2024 23:00,A,FC_E,TOTAL,KTOE,PL,2017,69241.05
ESTAT:TEN00124(1.0),24/05/2024 23:00,A,FC_E,TOTAL,KTOE,PL,2018,73082.654
ESTAT:TEN00124(1.0),24/05/2024 23:00,A,FC_E,TOTAL,KTOE,PL,2019,71890.699
ESTAT:TEN00124(1.0),24/05/2024 23:00,A,FC_E,TOTAL,KTOE,PL,2020,70231.513
ESTAT:TEN00124(1.0),24/05/2024 23:00,A,FC_E,TOTAL,KTOE,PL,2021,74187.097
ESTAT:TEN00124(1.0),24/05/2024 23:00,A,FC_E,TOTAL,KTOE,PL,2022,71228.668
ESTAT:TEN00124(1.0),24/05/2024 23:00,A,FC_E,TOTAL,KTOE,PT,2011,16441.254
ESTAT:TEN00124(1.0),24/05/2024 23:00,A,FC_E,TOTAL,KTOE,PT,2012,15111.588
ESTAT:TEN00124(1.0),24/05/2024 23:00,A,FC_E,TOTAL,KTOE,PT,2013,14908.318
ESTAT:TEN00124(1.0),24/05/2024 23:00,A,FC_E,TOTAL,KTOE,PT,2014,15386.388
ESTAT:TEN00124(1.0),24/05/2024 23:00,A,FC_E,TOTAL,KTOE,PT,2015,15550.875
ESTAT:TEN00124(1.0),24/05/2024 23:00,A,FC_E,TOTAL,KTOE,PT,2016,15640.739
ESTAT:TEN00124(1.0),24/05/2024 23:00,A,FC_E,TOTAL,KTOE,PT,2017,15900.697
ESTAT:TEN00124(1.0),24/05/2024 23:00,A,FC_E,TOTAL,KTOE,PT,2018,16152.622
ESTAT:TEN00124(1.0),24/05/2024 23:00,A,FC_E,TOTAL,KTOE,PT,2019,16354.725
ESTAT:TEN00124(1.0),24/05/2024 23:00,A,FC_E,TOTAL,KTOE,PT,2020,15156.57
ESTAT:TEN00124(1.0),24/05/2024 23:00,A,FC_E,TOTAL,KTOE,PT,2021,15772.048
ESTAT:TEN00124(1.0),24/05/2024 23:00,A,FC_E,TOTAL,KTOE,PT,2022,16170.756
ESTAT:TEN00124(1.0),24/05/2024 23:00,A,FC_E,TOTAL,KTOE,RO,2011,22590.604
ESTAT:TEN00124(1.0),24/05/2024 23:00,A,FC_E,TOTAL,KTOE,RO,2012,22629.168
ESTAT:TEN00124(1.0),24/05/2024 23:00,A,FC_E,TOTAL,KTOE,RO,2013,21631.325
ESTAT:TEN00124(1.0),24/05/2024 23:00,A,FC_E,TOTAL,KTOE,RO,2014,21470.367
ESTAT:TEN00124(1.0),24/05/2024 23:00,A,FC_E,TOTAL,KTOE,RO,2015,21600.24
ESTAT:TEN00124(1.0),24/05/2024 23:00,A,FC_E,TOTAL,KTOE,RO,2016,21935.25
ESTAT:TEN00124(1.0),24/05/2024 23:00,A,FC_E,TOTAL,KTOE,RO,2017,22980.154
ESTAT:TEN00124(1.0),24/05/2024 23:00,A,FC_E,TOTAL,KTOE,RO,2018,23444.791
ESTAT:TEN00124(1.0),24/05/2024 23:00,A,FC_E,TOTAL,KTOE,RO,2019,23712.653
ESTAT:TEN00124(1.0),24/05/2024 23:00,A,FC_E,TOTAL,KTOE,RO,2020,23472.38
ESTAT:TEN00124(1.0),24/05/2024 23:00,A,FC_E,TOTAL,KTOE,RO,2021,25279.75
ESTAT:TEN00124(1.0),24/05/2024 23:00,A,FC_E,TOTAL,KTOE,RO,2022,23919.775
ESTAT:TEN00124(1.0),24/05/2024 23:00,A,FC_E,TOTAL,KTOE,RS,2011,9082.112
ESTAT:TEN00124(1.0),24/05/2024 23:00,A,FC_E,TOTAL,KTOE,RS,2012,8412.293
ESTAT:TEN00124(1.0),24/05/2024 23:00,A,FC_E,TOTAL,KTOE,RS,2013,8201.681
ESTAT:TEN00124(1.0),24/05/2024 23:00,A,FC_E,TOTAL,KTOE,RS,2014,7681.742
ESTAT:TEN00124(1.0),24/05/2024 23:00,A,FC_E,TOTAL,KTOE,RS,2015,7885.89
ESTAT:TEN00124(1.0),24/05/2024 23:00,A,FC_E,TOTAL,KTOE,RS,2016,8206.334
ESTAT:TEN00124(1.0),24/05/2024 23:00,A,FC_E,TOTAL,KTOE,RS,2017,8363.238
ESTAT:TEN00124(1.0),24/05/2024 23:00,A,FC_E,TOTAL,KTOE,RS,2018,8435.035
ESTAT:TEN00124(1.0),24/05/2024 23:00,A,FC_E,TOTAL,KTOE,RS,2019,8387.52
ESTAT:TEN00124(1.0),24/05/2024 23:00,A,FC_E,TOTAL,KTOE,RS,2020,8715.951
ESTAT:TEN00124(1.0),24/05/2024 23:00,A,FC_E,TOTAL,KTOE,RS,2021,9268.268
ESTAT:TEN00124(1.0),24/05/2024 23:00,A,FC_E,TOTAL,KTOE,RS,2022,9491.229
ESTAT:TEN00124(1.0),24/05/2024 23:00,A,FC_E,TOTAL,KTOE,SE,2011,32064.667
ESTAT:TEN00124(1.0),24/05/2024 23:00,A,FC_E,TOTAL,KTOE,SE,2012,32311.573
ESTAT:TEN00124(1.0),24/05/2024 23:00,A,FC_E,TOTAL,KTOE,SE,2013,31671.579
ESTAT:TEN00124(1.0),24/05/2024 23:00,A,FC_E,TOTAL,KTOE,SE,2014,30928.825
ESTAT:TEN00124(1.0),24/05/2024 23:00,A,FC_E,TOTAL,KTOE,SE,2015,31510.948
ESTAT:TEN00124(1.0),24/05/2024 23:00,A,FC_E,TOTAL,KTOE,SE,2016,32037.681
ESTAT:TEN00124(1.0),24/05/2024 23:00,A,FC_E,TOTAL,KTOE,SE,2017,31849.848
ESTAT:TEN00124(1.0),24/05/2024 23:00,A,FC_E,TOTAL,KTOE,SE,2018,31729.198
ESTAT:TEN00124(1.0),24/05/2024 23:00,A,FC_E,TOTAL,KTOE,SE,2019,31304.164
ESTAT:TEN00124(1.0),24/05/2024 23:00,A,FC_E,TOTAL,KTOE,SE,2020,31019.209
ESTAT:TEN00124(1.0),24/05/2024 23:00,A,FC_E,TOTAL,KTOE,SE,2021,32156.109
ESTAT:TEN00124(1.0),24/05/2024 23:00,A,FC_E,TOTAL,KTOE,SE,2022,31202.144
ESTAT:TEN00124(1.0),24/05/2024 23:00,A,FC_E,TOTAL,KTOE,SI,2011,5037.235
ESTAT:TEN00124(1.0),24/05/2024 23:00,A,FC_E,TOTAL,KTOE,SI,2012,4909.818
ESTAT:TEN00124(1.0),24/05/2024 23:00,A,FC_E,TOTAL,KTOE,SI,2013,4804.23
ESTAT:TEN00124(1.0),24/05/2024 23:00,A,FC_E,TOTAL,KTOE,SI,2014,4608.016
ESTAT:TEN00124(1.0),24/05/2024 23:00,A,FC_E,TOTAL,KTOE,SI,2015,4715.243
ESTAT:TEN00124(1.0),24/05/2024 23:00,A,FC_E,TOTAL,KTOE,SI,2016,4893.658
ESTAT:TEN00124(1.0),24/05/2024 23:00,A,FC_E,TOTAL,KTOE,SI,2017,4958.98
ESTAT:TEN00124(1.0),24/05/2024 23:00,A,FC_E,TOTAL,KTOE,SI,2018,4952.698
ESTAT:TEN00124(1.0),24/05/2024 23:00,A,FC_E,TOTAL,KTOE,SI,2019,4862.689
ESTAT:TEN00124(1.0),24/05/2024 23:00,A,FC_E,TOTAL,KTOE,SI,2020,4445.871
ESTAT:TEN00124(1.0),24/05/2024 23:00,A,FC_E,TOTAL,KTOE,SI,2021,4767.622
ESTAT:TEN00124(1.0),24/05/2024 23:00,A,FC_E,TOTAL,KTOE,SI,2022,4754.182
ESTAT:TEN00124(1.0),24/05/2024 23:00,A,FC_E,TOTAL,KTOE,SK,2011,10402.286
ESTAT:TEN00124(1.0),24/05/2024 23:00,A,FC_E,TOTAL,KTOE,SK,2012,9948.967
ESTAT:TEN00124(1.0),24/05/2024 23:00,A,FC_E,TOTAL,KTOE,SK,2013,10107.882
ESTAT:TEN00124(1.0),24/05/2024 23:00,A,FC_E,TOTAL,KTOE,SK,2014,9113.614
ESTAT:TEN00124(1.0),24/05/2024 23:00,A,FC_E,TOTAL,KTOE,SK,2015,9525.304
ESTAT:TEN00124(1.0),24/05/2024 23:00,A,FC_E,TOTAL,KTOE,SK,2016,9884.214
ESTAT:TEN00124(1.0),24/05/2024 23:00,A,FC_E,TOTAL,KTOE,SK,2017,10538.548
ESTAT:TEN00124(1.0),24/05/2024 23:00,A,FC_E,TOTAL,KTOE,SK,2018,10400.003
ESTAT:TEN00124(1.0),24/05/2024 23:00,A,FC_E,TOTAL,KTOE,SK,2019,10242.955
ESTAT:TEN00124(1.0),24/05/2024 23:00,A,FC_E,TOTAL,KTOE,SK,2020,9611.131
ESTAT:TEN00124(1.0),24/05/2024 23:00,A,FC_E,TOTAL,KTOE,SK,2021,10508.333
ESTAT:TEN00124(1.0),24/05/2024 23:00,A,FC_E,TOTAL,KTOE,SK,2022,9915.221
ESTAT:TEN00124(1.0),24/05/2024 23:00,A,FC_E,TOTAL,KTOE,TR,2011,76076.088
ESTAT:TEN00124(1.0),24/05/2024 23:00,A,FC_E,TOTAL,KTOE,TR,2012,79158.418
ESTAT:TEN00124(1.0),24/05/2024 23:00,A,FC_E,TOTAL,KTOE,TR,2013,78466.784
ESTAT:TEN00124(1.0),24/05/2024 23:00,A,FC_E,TOTAL,KTOE,TR,2014,80844.293
ESTAT:TEN00124(1.0),24/05/2024 23:00,A,FC_E,TOTAL,KTOE,TR,2015,86846.978
ESTAT:TEN00124(1.0),24/05/2024 23:00,A,FC_E,TOTAL,KTOE,TR,2016,90318.129
ESTAT:TEN00124(1.0),24/05/2024 23:00,A,FC_E,TOTAL,KTOE,TR,2017,100475.004
ESTAT:TEN00124(1.0),24/05/2024 23:00,A,FC_E,TOTAL,KTOE,TR,2018,98632.997
ESTAT:TEN00124(1.0),24/05/2024 23:00,A,FC_E,TOTAL,KTOE,TR,2019,99100.143
ESTAT:TEN00124(1.0),24/05/2024 23:00,A,FC_E,TOTAL,KTOE,TR,2020,101143.008
ESTAT:TEN00124(1.0),24/05/2024 23:00,A,FC_E,TOTAL,KTOE,TR,2021,109801.743
ESTAT:TEN00124(1.0),24/05/2024 23:00,A,FC_E,TOTAL,KTOE,TR,2022,106458.457
ESTAT:TEN00124(1.0),24/05/2024 23:00,A,FC_E,TOTAL,KTOE,UA,2011,69646.492
ESTAT:TEN00124(1.0),24/05/2024 23:00,A,FC_E,TOTAL,KTOE,UA,2012,66404.075
ESTAT:TEN00124(1.0),24/05/2024 23:00,A,FC_E,TOTAL,KTOE,UA,2013,65144.066
ESTAT:TEN00124(1.0),24/05/2024 23:00,A,FC_E,TOTAL,KTOE,UA,2014,57893.824
ESTAT:TEN00124(1.0),24/05/2024 23:00,A,FC_E,TOTAL,KTOE,UA,2015,47488.152
ESTAT:TEN00124(1.0),24/05/2024 23:00,A,FC_E,TOTAL,KTOE,UA,2016,48826.188
ESTAT:TEN00124(1.0),24/05/2024 23:00,A,FC_E,TOTAL,KTOE,UA,2017,47345.792
ESTAT:TEN00124(1.0),24/05/2024 23:00,A,FC_E,TOTAL,KTOE,UA,2018,48417.734
ESTAT:TEN00124(1.0),24/05/2024 23:00,A,FC_E,TOTAL,KTOE,UA,2019,46886.431
ESTAT:TEN00124(1.0),24/05/2024 23:00,A,FC_E,TOTAL,KTOE,UA,2020,44184.237
ESTAT:TEN00124(1.0),24/05/2024 23:00,A,FC_E,TOTAL,KTOE,UK,2011,118840.372
ESTAT:TEN00124(1.0),24/05/2024 23:00,A,FC_E,TOTAL,KTOE,UK,2012,122658.595
ESTAT:TEN00124(1.0),24/05/2024 23:00,A,FC_E,TOTAL,KTOE,UK,2013,123395.413
ESTAT:TEN00124(1.0),24/05/2024 23:00,A,FC_E,TOTAL,KTOE,UK,2014,116594.037
ESTAT:TEN00124(1.0),24/05/2024 23:00,A,FC_E,TOTAL,KTOE,UK,2015,120063.341
ESTAT:TEN00124(1.0),24/05/2024 23:00,A,FC_E,TOTAL,KTOE,UK,2016,121886.092
ESTAT:TEN00124(1.0),24/05/2024 23:00,A,FC_E,TOTAL,KTOE,UK,2017,120950.747
ESTAT:TEN00124(1.0),24/05/2024 23:00,A,FC_E,TOTAL,KTOE,UK,2018,122583.69
ESTAT:TEN00124(1.0),24/05/2024 23:00,A,FC_E,TOTAL,KTOE,UK,2019,121414.483
ESTAT:TEN00124(1.0),24/05/2024 23:00,A,FC_E,TOTAL,KTOE,XK,2011,1266.098
ESTAT:TEN00124(1.0),24/05/2024 23:00,A,FC_E,TOTAL,KTOE,XK,2012,1219.372
ESTAT:TEN00124(1.0),24/05/2024 23:00,A,FC_E,TOTAL,KTOE,XK,2013,1167.578
ESTAT:TEN00124(1.0),24/05/2024 23:00,A,FC_E,TOTAL,KTOE,XK,2014,1230.7
ESTAT:TEN00124(1.0),24/05/2024 23:00,A,FC_E,TOTAL,KTOE,XK,2015,1339.928
ESTAT:TEN00124(1.0),24/05/2024 23:00,A,FC_E,TOTAL,KTOE,XK,2016,1433.037
ESTAT:TEN00124(1.0),24/05/2024 23:00,A,FC_E,TOTAL,KTOE,XK,2017,1516.064
ESTAT:TEN00124(1.0),24/05/2024 23:00,A,FC_E,TOTAL,KTOE,XK,2018,1471.026
ESTAT:TEN00124(1.0),24/05/2024 23:00,A,FC_E,TOTAL,KTOE,XK,2019,1515.131
ESTAT:TEN00124(1.0),24/05/2024 23:00,A,FC_E,TOTAL,KTOE,XK,2020,1524.673
ESTAT:TEN00124(1.0),24/05/2024 23:00,A,FC_E,TOTAL,KTOE,XK,2021,1659.361
ESTAT:TEN00124(1.0),24/05/2024 23:00,A,FC_E,TOTAL,KTOE,XK,2022,1486.983
